[{"path":"Grocery.App/Views/BoughtProductsView.xaml","fileType":"xaml","lines":[{"lineNumber":1,"author":{"gitId":"-"},"content":"\u003c?xml version\u003d\"1.0\" encoding\u003d\"utf-8\" ?\u003e","isFullCredit":false},{"lineNumber":2,"author":{"gitId":"-"},"content":"\u003cContentPage xmlns\u003d\"http://schemas.microsoft.com/dotnet/2021/maui\"","isFullCredit":false},{"lineNumber":3,"author":{"gitId":"-"},"content":"             xmlns:x\u003d\"http://schemas.microsoft.com/winfx/2009/xaml\"","isFullCredit":false},{"lineNumber":4,"author":{"gitId":"-"},"content":"             xmlns:vm\u003d\"clr-namespace:Grocery.App.ViewModels\"","isFullCredit":false},{"lineNumber":5,"author":{"gitId":"-"},"content":"             xmlns:m\u003d\"clr-namespace:Grocery.Core.Models;assembly\u003dGrocery.Core\"","isFullCredit":false},{"lineNumber":6,"author":{"gitId":"-"},"content":"             x:Class\u003d\"Grocery.App.Views.BoughtProductsView\"","isFullCredit":false},{"lineNumber":7,"author":{"gitId":"-"},"content":"             x:DataType\u003d\"vm:BoughtProductsViewModel\"","isFullCredit":false},{"lineNumber":8,"author":{"gitId":"-"},"content":"             Title\u003d\"BoughtProductsView\"\u003e","isFullCredit":false},{"lineNumber":9,"author":{"gitId":"-"},"content":"    \u003cGrid\u003e","isFullCredit":false},{"lineNumber":10,"author":{"gitId":"-"},"content":"        \u003cGrid.ColumnDefinitions\u003e","isFullCredit":false},{"lineNumber":11,"author":{"gitId":"-"},"content":"            \u003cColumnDefinition Width\u003d\"4*\"/\u003e","isFullCredit":false},{"lineNumber":12,"author":{"gitId":"-"},"content":"            \u003cColumnDefinition Width\u003d\"*\"/\u003e","isFullCredit":false},{"lineNumber":13,"author":{"gitId":"-"},"content":"        \u003c/Grid.ColumnDefinitions\u003e","isFullCredit":false},{"lineNumber":14,"author":{"gitId":"-"},"content":"        \u003cGrid.RowDefinitions\u003e","isFullCredit":false},{"lineNumber":15,"author":{"gitId":"-"},"content":"            \u003cRowDefinition Height\u003d\"80\"/\u003e","isFullCredit":false},{"lineNumber":16,"author":{"gitId":"-"},"content":"            \u003cRowDefinition Height\u003d\"*\"/\u003e","isFullCredit":false},{"lineNumber":17,"author":{"gitId":"-"},"content":"        \u003c/Grid.RowDefinitions\u003e","isFullCredit":false},{"lineNumber":18,"author":{"gitId":"-"},"content":"        \u003cPicker Grid.Column\u003d\"0\" Grid.Row\u003d\"0\" Margin\u003d\"10,0,0,0\" Title\u003d\"Klik op onderstaand pijltje om een product te selecteren:\"","isFullCredit":false},{"lineNumber":19,"author":{"gitId":"-"},"content":"            ItemsSource\u003d\"{Binding Products}\"","isFullCredit":false},{"lineNumber":20,"author":{"gitId":"-"},"content":"            SelectedItem\u003d\"{Binding SelectedProduct, Mode\u003dTwoWay}\" ","isFullCredit":false},{"lineNumber":21,"author":{"gitId":"-"},"content":"            SelectedIndexChanged\u003d\"Picker_SelectedIndexChanged\"","isFullCredit":false},{"lineNumber":22,"author":{"gitId":"Eugène van Roden"},"content":"            IsVisible\u003d\"{OnPlatform MacCatalyst\u003d\u0027False\u0027, Default\u003d\u0027True\u0027}\"","isFullCredit":false},{"lineNumber":23,"author":{"gitId":"-"},"content":"            BackgroundColor\u003d\"{StaticResource Primary}\"","isFullCredit":false},{"lineNumber":24,"author":{"gitId":"-"},"content":"            TextColor\u003d\"{StaticResource Secondary}\"\u003e","isFullCredit":false},{"lineNumber":25,"author":{"gitId":"-"},"content":"        \u003c/Picker\u003e","isFullCredit":false},{"lineNumber":26,"author":{"gitId":"Eugène van Roden"},"content":"        \u003cHorizontalStackLayout","isFullCredit":false},{"lineNumber":27,"author":{"gitId":"Eugène van Roden"},"content":"            BindableLayout.ItemsSource\u003d\"{Binding Products}\"","isFullCredit":false},{"lineNumber":28,"author":{"gitId":"Eugène van Roden"},"content":"            VerticalOptions\u003d\"EndAndExpand\"","isFullCredit":false},{"lineNumber":29,"author":{"gitId":"Eugène van Roden"},"content":"            RadioButtonGroup.GroupName\u003d\"gpFilter\"","isFullCredit":false},{"lineNumber":30,"author":{"gitId":"Eugène van Roden"},"content":"            IsVisible\u003d\"{OnPlatform MacCatalyst\u003d\u0027True\u0027, Default\u003d\u0027False\u0027}\" Grid.Column\u003d\"0\" Grid.Row\u003d\"0\" \u003e","isFullCredit":false},{"lineNumber":31,"author":{"gitId":"Eugène van Roden"},"content":"            \u003cBindableLayout.ItemTemplate\u003e","isFullCredit":false},{"lineNumber":32,"author":{"gitId":"Eugène van Roden"},"content":"                \u003cDataTemplate x:DataType\u003d\"m:Product\"\u003e","isFullCredit":false},{"lineNumber":33,"author":{"gitId":"Eugène van Roden"},"content":"                    \u003cRadioButton","isFullCredit":false},{"lineNumber":34,"author":{"gitId":"Eugène van Roden"},"content":"                        Margin\u003d\"0,0,15,0\"","isFullCredit":false},{"lineNumber":35,"author":{"gitId":"Eugène van Roden"},"content":"                        Content\u003d\"{Binding Name}\"","isFullCredit":false},{"lineNumber":36,"author":{"gitId":"Eugène van Roden"},"content":"                        GroupName\u003d\"gpFilter\"","isFullCredit":false},{"lineNumber":37,"author":{"gitId":"Eugène van Roden"},"content":"                        HorizontalOptions\u003d\"FillAndExpand\"","isFullCredit":false},{"lineNumber":38,"author":{"gitId":"Eugène van Roden"},"content":"                        MinimumHeightRequest\u003d\"60\"","isFullCredit":false},{"lineNumber":39,"author":{"gitId":"Eugène van Roden"},"content":"                        Value\u003d\"{Binding .}\"","isFullCredit":false},{"lineNumber":40,"author":{"gitId":"Eugène van Roden"},"content":"                        CheckedChanged\u003d\"RadioButton_CheckedChanged\" /\u003e","isFullCredit":false},{"lineNumber":41,"author":{"gitId":"Eugène van Roden"},"content":"                \u003c/DataTemplate\u003e","isFullCredit":false},{"lineNumber":42,"author":{"gitId":"Eugène van Roden"},"content":"            \u003c/BindableLayout.ItemTemplate\u003e","isFullCredit":false},{"lineNumber":43,"author":{"gitId":"Eugène van Roden"},"content":"        \u003c/HorizontalStackLayout\u003e","isFullCredit":false},{"lineNumber":44,"author":{"gitId":"-"},"content":"        \u003cBorder Grid.Row\u003d\"1\" Grid.Column\u003d\"0\" Stroke\u003d\"#C49B33\" StrokeThickness\u003d\"4\" Padding\u003d\"5\" Margin\u003d\"5\" HorizontalOptions\u003d\"Center\"\u003e","isFullCredit":false},{"lineNumber":45,"author":{"gitId":"-"},"content":"            \u003cCollectionView ItemsSource\u003d\"{Binding BoughtProductsList}\" Margin\u003d\"5\" HorizontalOptions\u003d\"End\" SelectionMode\u003d\"Single\"\u003e","isFullCredit":false},{"lineNumber":46,"author":{"gitId":"-"},"content":"                \u003cCollectionView.ItemsLayout\u003e","isFullCredit":false},{"lineNumber":47,"author":{"gitId":"-"},"content":"                    \u003cLinearItemsLayout Orientation\u003d\"Vertical\" ItemSpacing\u003d\"10\" /\u003e","isFullCredit":false},{"lineNumber":48,"author":{"gitId":"-"},"content":"                \u003c/CollectionView.ItemsLayout\u003e","isFullCredit":false},{"lineNumber":49,"author":{"gitId":"-"},"content":"                \u003cCollectionView.ItemTemplate\u003e","isFullCredit":false},{"lineNumber":50,"author":{"gitId":"-"},"content":"                    \u003cDataTemplate x:DataType\u003d\"m:BoughtProducts\" \u003e","isFullCredit":false},{"lineNumber":51,"author":{"gitId":"-"},"content":"                        \u003cGrid\u003e","isFullCredit":false},{"lineNumber":52,"author":{"gitId":"-"},"content":"                            \u003cGrid.ColumnDefinitions\u003e","isFullCredit":false},{"lineNumber":53,"author":{"gitId":"-"},"content":"                                \u003cColumnDefinition Width\u003d\"*\"/\u003e","isFullCredit":false},{"lineNumber":54,"author":{"gitId":"-"},"content":"                                \u003cColumnDefinition Width\u003d\"*\"/\u003e","isFullCredit":false},{"lineNumber":55,"author":{"gitId":"-"},"content":"                            \u003c/Grid.ColumnDefinitions\u003e","isFullCredit":false},{"lineNumber":56,"author":{"gitId":"-"},"content":"                            \u003cLabel Grid.Column\u003d\"0\" Text\u003d\"{Binding Client.EmailAddress}\" VerticalOptions\u003d\"Center\"/\u003e","isFullCredit":false},{"lineNumber":57,"author":{"gitId":"-"},"content":"                            \u003cLabel Grid.Column\u003d\"1\" Text\u003d\"{Binding GroceryList.Name}\" VerticalOptions\u003d\"Center\" HorizontalOptions\u003d\"End\" Margin\u003d\"0,0,10,0\"/\u003e","isFullCredit":false},{"lineNumber":58,"author":{"gitId":"-"},"content":"                        \u003c/Grid\u003e","isFullCredit":false},{"lineNumber":59,"author":{"gitId":"-"},"content":"                    \u003c/DataTemplate\u003e","isFullCredit":false},{"lineNumber":60,"author":{"gitId":"-"},"content":"                \u003c/CollectionView.ItemTemplate\u003e","isFullCredit":false},{"lineNumber":61,"author":{"gitId":"-"},"content":"                \u003cCollectionView.EmptyView\u003e","isFullCredit":false},{"lineNumber":62,"author":{"gitId":"-"},"content":"                    \u003cContentView\u003e","isFullCredit":false},{"lineNumber":63,"author":{"gitId":"-"},"content":"                        \u003cLabel Text\u003d\"Er zijn geen verkochte producten\" FontSize\u003d\"18\" FontAttributes\u003d\"Bold\" HorizontalTextAlignment\u003d\"Center\"/\u003e","isFullCredit":false},{"lineNumber":64,"author":{"gitId":"-"},"content":"                    \u003c/ContentView\u003e","isFullCredit":false},{"lineNumber":65,"author":{"gitId":"-"},"content":"                \u003c/CollectionView.EmptyView\u003e","isFullCredit":false},{"lineNumber":66,"author":{"gitId":"-"},"content":"            \u003c/CollectionView\u003e","isFullCredit":false},{"lineNumber":67,"author":{"gitId":"-"},"content":"        \u003c/Border\u003e","isFullCredit":false},{"lineNumber":68,"author":{"gitId":"-"},"content":"    \u003c/Grid\u003e","isFullCredit":false},{"lineNumber":69,"author":{"gitId":"-"},"content":"\u003c/ContentPage\u003e","isFullCredit":false}],"authorContributionMap":{"Eugène van Roden":19,"-":50}},{"path":"Grocery.App/Views/BoughtProductsView.xaml.cs","fileType":"cs","lines":[{"lineNumber":1,"author":{"gitId":"-"},"content":"using Grocery.App.ViewModels;","isFullCredit":false},{"lineNumber":2,"author":{"gitId":"-"},"content":"using Grocery.Core.Models;","isFullCredit":false},{"lineNumber":3,"author":{"gitId":"-"},"content":"","isFullCredit":false},{"lineNumber":4,"author":{"gitId":"-"},"content":"namespace Grocery.App.Views;","isFullCredit":false},{"lineNumber":5,"author":{"gitId":"-"},"content":"","isFullCredit":false},{"lineNumber":6,"author":{"gitId":"-"},"content":"public partial class BoughtProductsView : ContentPage","isFullCredit":false},{"lineNumber":7,"author":{"gitId":"-"},"content":"{","isFullCredit":false},{"lineNumber":8,"author":{"gitId":"-"},"content":"    private readonly BoughtProductsViewModel _viewModel;","isFullCredit":false},{"lineNumber":9,"author":{"gitId":"-"},"content":"","isFullCredit":false},{"lineNumber":10,"author":{"gitId":"-"},"content":"    public BoughtProductsView(BoughtProductsViewModel viewModel)","isFullCredit":false},{"lineNumber":11,"author":{"gitId":"-"},"content":"\t{","isFullCredit":false},{"lineNumber":12,"author":{"gitId":"-"},"content":"\t\tInitializeComponent();","isFullCredit":false},{"lineNumber":13,"author":{"gitId":"-"},"content":"\t\tBindingContext \u003d viewModel;","isFullCredit":false},{"lineNumber":14,"author":{"gitId":"-"},"content":"        _viewModel \u003d viewModel;","isFullCredit":false},{"lineNumber":15,"author":{"gitId":"-"},"content":"\t}","isFullCredit":false},{"lineNumber":16,"author":{"gitId":"-"},"content":"","isFullCredit":false},{"lineNumber":17,"author":{"gitId":"-"},"content":"    private void Picker_SelectedIndexChanged(object sender, EventArgs e)","isFullCredit":false},{"lineNumber":18,"author":{"gitId":"-"},"content":"    {","isFullCredit":false},{"lineNumber":19,"author":{"gitId":"-"},"content":"        var picker \u003d (Picker)sender;","isFullCredit":false},{"lineNumber":20,"author":{"gitId":"-"},"content":"        int selectedIndex \u003d picker.SelectedIndex;","isFullCredit":false},{"lineNumber":21,"author":{"gitId":"-"},"content":"","isFullCredit":false},{"lineNumber":22,"author":{"gitId":"-"},"content":"        if (selectedIndex !\u003d -1)","isFullCredit":false},{"lineNumber":23,"author":{"gitId":"-"},"content":"        {","isFullCredit":false},{"lineNumber":24,"author":{"gitId":"-"},"content":"            Product product \u003d picker.SelectedItem as Product;","isFullCredit":false},{"lineNumber":25,"author":{"gitId":"-"},"content":"            _viewModel.NewSelectedProduct(product);","isFullCredit":false},{"lineNumber":26,"author":{"gitId":"-"},"content":"        }","isFullCredit":false},{"lineNumber":27,"author":{"gitId":"-"},"content":"    }","isFullCredit":false},{"lineNumber":28,"author":{"gitId":"Eugène van Roden"},"content":"","isFullCredit":false},{"lineNumber":29,"author":{"gitId":"Eugène van Roden"},"content":"    private void RadioButton_CheckedChanged(object sender, CheckedChangedEventArgs e)","isFullCredit":false},{"lineNumber":30,"author":{"gitId":"Eugène van Roden"},"content":"    {","isFullCredit":false},{"lineNumber":31,"author":{"gitId":"Eugène van Roden"},"content":"        var radioButton \u003d (RadioButton)sender;","isFullCredit":false},{"lineNumber":32,"author":{"gitId":"Eugène van Roden"},"content":"        Product? selectedProduct \u003d radioButton.Value as Product;","isFullCredit":false},{"lineNumber":33,"author":{"gitId":"Eugène van Roden"},"content":"        if(selectedProduct !\u003d null)","isFullCredit":false},{"lineNumber":34,"author":{"gitId":"Eugène van Roden"},"content":"        {","isFullCredit":false},{"lineNumber":35,"author":{"gitId":"Eugène van Roden"},"content":"            _viewModel.NewSelectedProduct(selectedProduct);","isFullCredit":false},{"lineNumber":36,"author":{"gitId":"Eugène van Roden"},"content":"        }","isFullCredit":false},{"lineNumber":37,"author":{"gitId":"Eugène van Roden"},"content":"    }","isFullCredit":false},{"lineNumber":38,"author":{"gitId":"-"},"content":"}","isFullCredit":false}],"authorContributionMap":{"Eugène van Roden":10,"-":28}},{"path":"Grocery.Core.Data/DatabaseConnection.cs","fileType":"cs","lines":[{"lineNumber":1,"author":{"gitId":"-"},"content":"﻿","isFullCredit":false},{"lineNumber":2,"author":{"gitId":"-"},"content":"using Grocery.Core.Data.Helpers;","isFullCredit":false},{"lineNumber":3,"author":{"gitId":"-"},"content":"using Microsoft.Data.Sqlite;","isFullCredit":false},{"lineNumber":4,"author":{"gitId":"-"},"content":"","isFullCredit":false},{"lineNumber":5,"author":{"gitId":"-"},"content":"namespace Grocery.Core.Data","isFullCredit":false},{"lineNumber":6,"author":{"gitId":"-"},"content":"{","isFullCredit":false},{"lineNumber":7,"author":{"gitId":"-"},"content":"    public abstract class DatabaseConnection : IDisposable","isFullCredit":false},{"lineNumber":8,"author":{"gitId":"-"},"content":"    {","isFullCredit":false},{"lineNumber":9,"author":{"gitId":"-"},"content":"        protected SqliteConnection Connection { get; }","isFullCredit":false},{"lineNumber":10,"author":{"gitId":"-"},"content":"        string databaseName;","isFullCredit":false},{"lineNumber":11,"author":{"gitId":"-"},"content":"","isFullCredit":false},{"lineNumber":12,"author":{"gitId":"-"},"content":"        public DatabaseConnection()","isFullCredit":false},{"lineNumber":13,"author":{"gitId":"-"},"content":"        {","isFullCredit":false},{"lineNumber":14,"author":{"gitId":"-"},"content":"            databaseName \u003d ConnectionHelper.ConnectionStringValue(\"GroceryAppDb\");","isFullCredit":false},{"lineNumber":15,"author":{"gitId":"Eugène van Roden"},"content":"","isFullCredit":false},{"lineNumber":16,"author":{"gitId":"Eugène van Roden"},"content":"#if MACCATALYST","isFullCredit":false},{"lineNumber":17,"author":{"gitId":"Eugène van Roden"},"content":"            string writableDirectory \u003d Environment.GetFolderPath(Environment.SpecialFolder.ApplicationData);","isFullCredit":false},{"lineNumber":18,"author":{"gitId":"Eugène van Roden"},"content":"            Directory.CreateDirectory(writableDirectory); ","isFullCredit":false},{"lineNumber":19,"author":{"gitId":"Eugène van Roden"},"content":"#else","isFullCredit":false},{"lineNumber":20,"author":{"gitId":"Eugène van Roden"},"content":"            string writableDirectory \u003d AppDomain.CurrentDomain.BaseDirectory;","isFullCredit":false},{"lineNumber":21,"author":{"gitId":"Eugène van Roden"},"content":"#endif","isFullCredit":false},{"lineNumber":22,"author":{"gitId":"Eugène van Roden"},"content":"","isFullCredit":false},{"lineNumber":23,"author":{"gitId":"Eugène van Roden"},"content":"            string dbpath \u003d \"Data Source\u003d\"+ Path.Combine(writableDirectory + databaseName);","isFullCredit":false},{"lineNumber":24,"author":{"gitId":"-"},"content":"            Connection \u003d new SqliteConnection(dbpath);","isFullCredit":false},{"lineNumber":25,"author":{"gitId":"-"},"content":"        }","isFullCredit":false},{"lineNumber":26,"author":{"gitId":"-"},"content":"","isFullCredit":false},{"lineNumber":27,"author":{"gitId":"-"},"content":"        protected void OpenConnection()","isFullCredit":false},{"lineNumber":28,"author":{"gitId":"-"},"content":"        {","isFullCredit":false},{"lineNumber":29,"author":{"gitId":"-"},"content":"            if (Connection.State !\u003d System.Data.ConnectionState.Open) Connection.Open();","isFullCredit":false},{"lineNumber":30,"author":{"gitId":"-"},"content":"        }","isFullCredit":false},{"lineNumber":31,"author":{"gitId":"-"},"content":"","isFullCredit":false},{"lineNumber":32,"author":{"gitId":"-"},"content":"        protected void CloseConnection()","isFullCredit":false},{"lineNumber":33,"author":{"gitId":"-"},"content":"        {","isFullCredit":false},{"lineNumber":34,"author":{"gitId":"-"},"content":"            if (Connection.State !\u003d System.Data.ConnectionState.Closed) Connection.Close();","isFullCredit":false},{"lineNumber":35,"author":{"gitId":"-"},"content":"        }","isFullCredit":false},{"lineNumber":36,"author":{"gitId":"-"},"content":"","isFullCredit":false},{"lineNumber":37,"author":{"gitId":"-"},"content":"        public void CreateTable(string commandText)","isFullCredit":false},{"lineNumber":38,"author":{"gitId":"-"},"content":"        {","isFullCredit":false},{"lineNumber":39,"author":{"gitId":"-"},"content":"            OpenConnection();","isFullCredit":false},{"lineNumber":40,"author":{"gitId":"-"},"content":"            using (var command \u003d Connection.CreateCommand())","isFullCredit":false},{"lineNumber":41,"author":{"gitId":"-"},"content":"            {","isFullCredit":false},{"lineNumber":42,"author":{"gitId":"-"},"content":"                command.CommandText \u003d commandText;","isFullCredit":false},{"lineNumber":43,"author":{"gitId":"-"},"content":"                command.ExecuteNonQuery();","isFullCredit":false},{"lineNumber":44,"author":{"gitId":"-"},"content":"            }","isFullCredit":false},{"lineNumber":45,"author":{"gitId":"-"},"content":"        }","isFullCredit":false},{"lineNumber":46,"author":{"gitId":"-"},"content":"","isFullCredit":false},{"lineNumber":47,"author":{"gitId":"-"},"content":"        public void InsertMultipleWithTransaction(List\u003cstring\u003e linesToInsert)","isFullCredit":false},{"lineNumber":48,"author":{"gitId":"-"},"content":"        {","isFullCredit":false},{"lineNumber":49,"author":{"gitId":"-"},"content":"            OpenConnection();","isFullCredit":false},{"lineNumber":50,"author":{"gitId":"-"},"content":"            var transaction \u003d Connection.BeginTransaction();","isFullCredit":false},{"lineNumber":51,"author":{"gitId":"-"},"content":"","isFullCredit":false},{"lineNumber":52,"author":{"gitId":"-"},"content":"            try","isFullCredit":false},{"lineNumber":53,"author":{"gitId":"-"},"content":"            {","isFullCredit":false},{"lineNumber":54,"author":{"gitId":"-"},"content":"                linesToInsert.ForEach(l \u003d\u003e Connection.ExecuteNonQuery(l));","isFullCredit":false},{"lineNumber":55,"author":{"gitId":"-"},"content":"                transaction.Commit();","isFullCredit":false},{"lineNumber":56,"author":{"gitId":"-"},"content":"            }","isFullCredit":false},{"lineNumber":57,"author":{"gitId":"-"},"content":"            catch (Exception ex)","isFullCredit":false},{"lineNumber":58,"author":{"gitId":"-"},"content":"            {","isFullCredit":false},{"lineNumber":59,"author":{"gitId":"-"},"content":"                Console.WriteLine(ex.ToString());","isFullCredit":false},{"lineNumber":60,"author":{"gitId":"-"},"content":"                transaction.Rollback();","isFullCredit":false},{"lineNumber":61,"author":{"gitId":"-"},"content":"            }","isFullCredit":false},{"lineNumber":62,"author":{"gitId":"-"},"content":"            finally","isFullCredit":false},{"lineNumber":63,"author":{"gitId":"-"},"content":"            {","isFullCredit":false},{"lineNumber":64,"author":{"gitId":"-"},"content":"                transaction.Dispose();","isFullCredit":false},{"lineNumber":65,"author":{"gitId":"-"},"content":"            }","isFullCredit":false},{"lineNumber":66,"author":{"gitId":"-"},"content":"        }","isFullCredit":false},{"lineNumber":67,"author":{"gitId":"-"},"content":"","isFullCredit":false},{"lineNumber":68,"author":{"gitId":"-"},"content":"        public void Dispose()","isFullCredit":false},{"lineNumber":69,"author":{"gitId":"-"},"content":"        {","isFullCredit":false},{"lineNumber":70,"author":{"gitId":"-"},"content":"            CloseConnection();","isFullCredit":false},{"lineNumber":71,"author":{"gitId":"-"},"content":"        }","isFullCredit":false},{"lineNumber":72,"author":{"gitId":"-"},"content":"    }","isFullCredit":false},{"lineNumber":73,"author":{"gitId":"-"},"content":"}","isFullCredit":false}],"authorContributionMap":{"Eugène van Roden":9,"-":64}},{"path":"Grocery.Core.Data/Helpers/ConnectionHelper.cs","fileType":"cs","lines":[{"lineNumber":1,"author":{"gitId":"-"},"content":"﻿using Microsoft.Extensions.Configuration;","isFullCredit":false},{"lineNumber":2,"author":{"gitId":"-"},"content":"","isFullCredit":false},{"lineNumber":3,"author":{"gitId":"-"},"content":"namespace Grocery.Core.Data.Helpers","isFullCredit":false},{"lineNumber":4,"author":{"gitId":"-"},"content":"{","isFullCredit":false},{"lineNumber":5,"author":{"gitId":"-"},"content":"    public static class ConnectionHelper","isFullCredit":false},{"lineNumber":6,"author":{"gitId":"-"},"content":"    {","isFullCredit":false},{"lineNumber":7,"author":{"gitId":"-"},"content":"        public static string? ConnectionStringValue(string name)","isFullCredit":false},{"lineNumber":8,"author":{"gitId":"-"},"content":"        {","isFullCredit":false},{"lineNumber":9,"author":{"gitId":"Eugène van Roden"},"content":"            string resourcePath \u003d \"\";","isFullCredit":false},{"lineNumber":10,"author":{"gitId":"Eugène van Roden"},"content":"#if MACCATALYST","isFullCredit":false},{"lineNumber":11,"author":{"gitId":"Eugène van Roden"},"content":"                resourcePath \u003d Path.Combine(AppContext.BaseDirectory, \"..\", \"Resources\", \"appsettings.json\");","isFullCredit":false},{"lineNumber":12,"author":{"gitId":"Eugène van Roden"},"content":"                resourcePath \u003d Path.GetFullPath(resourcePath);","isFullCredit":false},{"lineNumber":13,"author":{"gitId":"Eugène van Roden"},"content":"#else","isFullCredit":false},{"lineNumber":14,"author":{"gitId":"Eugène van Roden"},"content":"            resourcePath \u003d Path.Combine(AppDomain.CurrentDomain.BaseDirectory, \"appsettings.json\");","isFullCredit":false},{"lineNumber":15,"author":{"gitId":"Eugène van Roden"},"content":"#endif","isFullCredit":false},{"lineNumber":16,"author":{"gitId":"Eugène van Roden"},"content":"","isFullCredit":false},{"lineNumber":17,"author":{"gitId":"Eugène van Roden"},"content":"            if (!File.Exists(resourcePath))","isFullCredit":false},{"lineNumber":18,"author":{"gitId":"Eugène van Roden"},"content":"            {","isFullCredit":false},{"lineNumber":19,"author":{"gitId":"Eugène van Roden"},"content":"                Console.WriteLine($\"appsettings.json NOT found at {resourcePath}\");","isFullCredit":false},{"lineNumber":20,"author":{"gitId":"Eugène van Roden"},"content":"                return null;","isFullCredit":false},{"lineNumber":21,"author":{"gitId":"Eugène van Roden"},"content":"            }","isFullCredit":false},{"lineNumber":22,"author":{"gitId":"Eugène van Roden"},"content":"","isFullCredit":false},{"lineNumber":23,"author":{"gitId":"Eugène van Roden"},"content":"            IConfigurationRoot config \u003d new ConfigurationBuilder()","isFullCredit":false},{"lineNumber":24,"author":{"gitId":"Eugène van Roden"},"content":"                .SetBasePath(Path.GetDirectoryName(resourcePath)!)","isFullCredit":false},{"lineNumber":25,"author":{"gitId":"Eugène van Roden"},"content":"                .AddJsonFile(Path.GetFileName(resourcePath)!, optional: false, reloadOnChange: true)","isFullCredit":false},{"lineNumber":26,"author":{"gitId":"Eugène van Roden"},"content":"                .Build();","isFullCredit":false},{"lineNumber":27,"author":{"gitId":"Eugène van Roden"},"content":"","isFullCredit":false},{"lineNumber":28,"author":{"gitId":"-"},"content":"            IConfigurationSection section \u003d config.GetSection(\"ConnectionStrings\");","isFullCredit":false},{"lineNumber":29,"author":{"gitId":"-"},"content":"            return section.GetValue\u003cstring\u003e(name);","isFullCredit":false},{"lineNumber":30,"author":{"gitId":"-"},"content":"        }","isFullCredit":false},{"lineNumber":31,"author":{"gitId":"-"},"content":"    }","isFullCredit":false},{"lineNumber":32,"author":{"gitId":"-"},"content":"}","isFullCredit":false}],"authorContributionMap":{"Eugène van Roden":19,"-":13}},{"path":"Grocery.App/Resources/Fonts/OpenSans-Regular.ttf","fileType":"ttf","isBinary":true,"lines":[],"authorContributionMap":{"-":0}},{"path":"Grocery.App/Resources/Fonts/OpenSans-Semibold.ttf","fileType":"ttf","isBinary":true,"lines":[],"authorContributionMap":{"-":0}},{"path":"Grocery.App/Resources/Images/categories.png","fileType":"png","isBinary":true,"lines":[],"authorContributionMap":{"-":0}},{"path":"Grocery.App/Resources/Images/dotnet_bot.png","fileType":"png","isBinary":true,"lines":[],"authorContributionMap":{"-":0}},{"path":"Grocery.App/Resources/Images/grocerylist.png","fileType":"png","isBinary":true,"lines":[],"authorContributionMap":{"-":0}},{"path":"Grocery.App/Resources/Images/investment.png","fileType":"png","isBinary":true,"lines":[],"authorContributionMap":{"-":0}},{"path":"Grocery.App/Resources/Images/min.png","fileType":"png","isBinary":true,"lines":[],"authorContributionMap":{"-":0}},{"path":"Grocery.App/Resources/Images/plus.png","fileType":"png","isBinary":true,"lines":[],"authorContributionMap":{"-":0}},{"path":"Grocery.App/Resources/Images/products.png","fileType":"png","isBinary":true,"lines":[],"authorContributionMap":{"-":0}},{"path":"Grocery.App/Resources/Images/strawberry.png","fileType":"png","isBinary":true,"lines":[],"authorContributionMap":{"-":0}}]
