{"authorDailyContributionsMap":{"Eugène van Roden":[{"date":"2025-10-28T00:00:00","commitResults":[{"hash":"5a5b609321105ea6068ba2cd893654f0507df259","isMergeCommit":false,"messageTitle":"Fix voor MAC doorgevoerd.","messageBody":"","fileTypesAndContributionMap":{"cs":{"insertions":28,"deletions":4}}},{"hash":"99315e2ec6cb93bc9afa39815b3a7956e0606875","isMergeCommit":false,"messageTitle":"Picker voor MAC opgelost","messageBody":"","fileTypesAndContributionMap":{"xaml":{"insertions":23,"deletions":4},"cs":{"insertions":10,"deletions":0}}}]}],"EugenevanRoden":[{"date":"2025-10-28T00:00:00","commitResults":[{"hash":"fafb91ad4292ea690458f8785622d27e9da99855","isMergeCommit":true,"messageTitle":"Merge pull request #15 from Windesheim-HBO-ICT/develop","messageBody":"Picker voor MAC opgelost","fileTypesAndContributionMap":{}}]}]},"authorFileTypeContributionMap":{"Eugène van Roden":{"xaml":19,"cs":38},"EugenevanRoden":{}},"authorContributionVariance":{"Eugène van Roden":0.0,"EugenevanRoden":0.0},"authorDisplayNameMap":{"Eugène van Roden":"Eugène van Roden","EugenevanRoden":"EugenevanRoden"}}
