{"repoSenseVersion":"524076bfc5","reportGeneratedTime":"Fri, 28 Nov 2025 09:01:51 UTC","reportGenerationTime":" 0.80 second(s)","zoneId":"Etc/UTC","reportTitle":"RepoSense Report","repos":[{"location":{"location":"https://github.com/Baellaaa/OOSDD_GroceryApp_Sprint1_Studenten","repoName":"OOSDD_GroceryApp_Sprint1_Studenten","organization":"Baellaaa","domainName":"github"},"branch":"main","displayName":"Baellaaa/OOSDD_GroceryApp_Sprint1_Studenten[main]","outputFolderName":"Baellaaa_OOSDD_GroceryApp_Sprint1_Studenten_main","sinceDate":"2025-10-28T00:00:00","untilDate":"2025-11-28T23:59:59"}],"errorSet":[],"sinceDate":"2025-10-28T00:00:00","untilDate":"2025-11-28T23:59:59","isSinceDateProvided":false,"isUntilDateProvided":false,"supportedDomainUrlMap":{"NOT_RECOGNIZED":{"BRANCH":"","REPO_URL":"UNSUPPORTED","BASE_URL":"UNSUPPORTED","HISTORY_PATH":"","COMMIT_PATH":"","BLAME_PATH":""},"github":{"BRANCH":"tree/$BRANCH","REPO_URL":"https://github.com/$ORGANIZATION/$REPO_NAME/","BASE_URL":"https://github.com/","HISTORY_PATH":"commits/$BRANCH/$FILE_PATH","COMMIT_PATH":"commit/$COMMIT_HASH","BLAME_PATH":"blame/$BRANCH/$FILE_PATH"}},"isAuthorshipAnalyzed":false,"repoBlurbs":{"blurbMap":{}},"authorBlurbs":{"blurbMap":{}},"chartBlurbs":{"blurbMap":{}},"isPortfolio":false}
