{"repoSenseVersion":"524076bfc5","reportGeneratedTime":"Fri, 28 Nov 2025 09:27:13 UTC","reportGenerationTime":" 1.10 second(s)","zoneId":"Etc/UTC","reportTitle":"RepoSense Report","repos":[{"location":{"location":"https://github.com/Windesheim-HBO-ICT/OOSDD_GroceryApp_Sprint6_Studenten.git","repoName":"OOSDD_GroceryApp_Sprint6_Studenten","organization":"Windesheim-HBO-ICT","domainName":"github"},"branch":"main","displayName":"Windesheim-HBO-ICT/OOSDD_GroceryApp_Sprint6_Studenten[main]","outputFolderName":"Windesheim-HBO-ICT_OOSDD_GroceryApp_Sprint6_Studenten_main","sinceDate":"2025-10-28T00:00:00","untilDate":"2025-11-28T23:59:59"}],"errorSet":[],"sinceDate":"2025-10-28T00:00:00","untilDate":"2025-11-28T23:59:59","isSinceDateProvided":false,"isUntilDateProvided":false,"supportedDomainUrlMap":{"NOT_RECOGNIZED":{"BRANCH":"","REPO_URL":"UNSUPPORTED","BASE_URL":"UNSUPPORTED","HISTORY_PATH":"","COMMIT_PATH":"","BLAME_PATH":""},"github":{"BRANCH":"tree/$BRANCH","REPO_URL":"https://github.com/$ORGANIZATION/$REPO_NAME/","BASE_URL":"https://github.com/","HISTORY_PATH":"commits/$BRANCH/$FILE_PATH","COMMIT_PATH":"commit/$COMMIT_HASH","BLAME_PATH":"blame/$BRANCH/$FILE_PATH"}},"isAuthorshipAnalyzed":false,"repoBlurbs":{"blurbMap":{}},"authorBlurbs":{"blurbMap":{}},"chartBlurbs":{"blurbMap":{}},"isPortfolio":false}
